Distribution_of_claims,Census
4779736,CENSUS2010POP
54571,CENSUS2010POP
182265,CENSUS2010POP
27457,CENSUS2010POP
22915,CENSUS2010POP
57322,CENSUS2010POP
10914,CENSUS2010POP
20947,CENSUS2010POP
118572,CENSUS2010POP
34215,CENSUS2010POP
25989,CENSUS2010POP
43643,CENSUS2010POP
13859,CENSUS2010POP
25833,CENSUS2010POP
13932,CENSUS2010POP
14972,CENSUS2010POP
49948,CENSUS2010POP
54428,CENSUS2010POP
13228,CENSUS2010POP
11539,CENSUS2010POP
37765,CENSUS2010POP
13906,CENSUS2010POP
80406,CENSUS2010POP
50251,CENSUS2010POP
43820,CENSUS2010POP
71109,CENSUS2010POP
79303,CENSUS2010POP
38319,CENSUS2010POP
104430,CENSUS2010POP
17241,CENSUS2010POP
31704,CENSUS2010POP
26790,CENSUS2010POP
9045,CENSUS2010POP
15760,CENSUS2010POP
17302,CENSUS2010POP
101547,CENSUS2010POP
53227,CENSUS2010POP
658466,CENSUS2010POP
14564,CENSUS2010POP
92709,CENSUS2010POP
34339,CENSUS2010POP
140247,CENSUS2010POP
82782,CENSUS2010POP
11299,CENSUS2010POP
21452,CENSUS2010POP
334811,CENSUS2010POP
21027,CENSUS2010POP
30776,CENSUS2010POP
93019,CENSUS2010POP
412992,CENSUS2010POP
23068,CENSUS2010POP
229363,CENSUS2010POP
119490,CENSUS2010POP
10591,CENSUS2010POP
19746,CENSUS2010POP
32899,CENSUS2010POP
22913,CENSUS2010POP
52947,CENSUS2010POP
83593,CENSUS2010POP
195085,CENSUS2010POP
13763,CENSUS2010POP
82291,CENSUS2010POP
41616,CENSUS2010POP
194656,CENSUS2010POP
67023,CENSUS2010POP
17581,CENSUS2010POP
11670,CENSUS2010POP
24484,CENSUS2010POP
710231,CENSUS2010POP
3141,CENSUS2010POP
5561,CENSUS2010POP
291826,CENSUS2010POP
17013,CENSUS2010POP
997,CENSUS2010POP
1826,CENSUS2010POP
4847,CENSUS2010POP
97581,CENSUS2010POP
2508,CENSUS2010POP
2150,CENSUS2010POP
31275,CENSUS2010POP
55400,CENSUS2010POP
13477,CENSUS2010POP
13592,CENSUS2010POP
7459,CENSUS2010POP
1631,CENSUS2010POP
88995,CENSUS2010POP
9492,CENSUS2010POP
9430,CENSUS2010POP
7523,CENSUS2010POP
3815,CENSUS2010POP
5559,CENSUS2010POP
8881,CENSUS2010POP
968,CENSUS2010POP
7029,CENSUS2010POP
9636,CENSUS2010POP
2369,CENSUS2010POP
662,CENSUS2010POP
5588,CENSUS2010POP
6392017,CENSUS2010POP
71518,CENSUS2010POP
131346,CENSUS2010POP
134421,CENSUS2010POP
53597,CENSUS2010POP
37220,CENSUS2010POP
8437,CENSUS2010POP
20489,CENSUS2010POP
3817117,CENSUS2010POP
200186,CENSUS2010POP
107449,CENSUS2010POP
980263,CENSUS2010POP
375770,CENSUS2010POP
47420,CENSUS2010POP
211033,CENSUS2010POP
195751,CENSUS2010POP
2915918,CENSUS2010POP
19019,CENSUS2010POP
21853,CENSUS2010POP
41513,CENSUS2010POP
221339,CENSUS2010POP
36903,CENSUS2010POP
11508,CENSUS2010POP
5368,CENSUS2010POP
27446,CENSUS2010POP
11800,CENSUS2010POP
22995,CENSUS2010POP
16083,CENSUS2010POP
25970,CENSUS2010POP
8689,CENSUS2010POP
24552,CENSUS2010POP
21273,CENSUS2010POP
96443,CENSUS2010POP
61948,CENSUS2010POP
50902,CENSUS2010POP
17870,CENSUS2010POP
8116,CENSUS2010POP
13008,CENSUS2010POP
18509,CENSUS2010POP
113237,CENSUS2010POP
18125,CENSUS2010POP
12245,CENSUS2010POP
96024,CENSUS2010POP
17853,CENSUS2010POP
42090,CENSUS2010POP
22609,CENSUS2010POP
32923,CENSUS2010POP
13789,CENSUS2010POP
36647,CENSUS2010POP
13696,CENSUS2010POP
17997,CENSUS2010POP
77435,CENSUS2010POP
25540,CENSUS2010POP
7645,CENSUS2010POP
17415,CENSUS2010POP
10424,CENSUS2010POP
14134,CENSUS2010POP
13171,CENSUS2010POP
22353,CENSUS2010POP
68356,CENSUS2010POP
15717,CENSUS2010POP
16653,CENSUS2010POP
43462,CENSUS2010POP
46480,CENSUS2010POP
8149,CENSUS2010POP
9487,CENSUS2010POP
8997,CENSUS2010POP
8330,CENSUS2010POP
26120,CENSUS2010POP
10445,CENSUS2010POP
21757,CENSUS2010POP
11291,CENSUS2010POP
24583,CENSUS2010POP
20662,CENSUS2010POP
61754,CENSUS2010POP
8715,CENSUS2010POP
382748,CENSUS2010POP
17969,CENSUS2010POP
28258,CENSUS2010POP
107118,CENSUS2010POP
11233,CENSUS2010POP
8195,CENSUS2010POP
125744,CENSUS2010POP
17058,CENSUS2010POP
17264,CENSUS2010POP
12394,CENSUS2010POP
41639,CENSUS2010POP
17295,CENSUS2010POP
203065,CENSUS2010POP
77076,CENSUS2010POP
7260,CENSUS2010POP
22185,CENSUS2010POP
37253956,CENSUS2010POP
1510271,CENSUS2010POP
1175,CENSUS2010POP
38091,CENSUS2010POP
220000,CENSUS2010POP
45578,CENSUS2010POP
21419,CENSUS2010POP
1049025,CENSUS2010POP
28610,CENSUS2010POP
181058,CENSUS2010POP
930450,CENSUS2010POP
28122,CENSUS2010POP
134623,CENSUS2010POP
174528,CENSUS2010POP
18546,CENSUS2010POP
839631,CENSUS2010POP
152982,CENSUS2010POP
64665,CENSUS2010POP
34895,CENSUS2010POP
9818605,CENSUS2010POP
150865,CENSUS2010POP
252409,CENSUS2010POP
18251,CENSUS2010POP
87841,CENSUS2010POP
255793,CENSUS2010POP
9686,CENSUS2010POP
14202,CENSUS2010POP
415057,CENSUS2010POP
136484,CENSUS2010POP
98764,CENSUS2010POP
3010232,CENSUS2010POP
348432,CENSUS2010POP
20007,CENSUS2010POP
2189641,CENSUS2010POP
1418788,CENSUS2010POP
55269,CENSUS2010POP
2035210,CENSUS2010POP
3095313,CENSUS2010POP
805235,CENSUS2010POP
685306,CENSUS2010POP
269637,CENSUS2010POP
718451,CENSUS2010POP
423895,CENSUS2010POP
1781642,CENSUS2010POP
262382,CENSUS2010POP
177223,CENSUS2010POP
3240,CENSUS2010POP
44900,CENSUS2010POP
413344,CENSUS2010POP
483878,CENSUS2010POP
514453,CENSUS2010POP
94737,CENSUS2010POP
63463,CENSUS2010POP
13786,CENSUS2010POP
442179,CENSUS2010POP
55365,CENSUS2010POP
823318,CENSUS2010POP
200849,CENSUS2010POP
72155,CENSUS2010POP
5029196,CENSUS2010POP
441603,CENSUS2010POP
15445,CENSUS2010POP
572003,CENSUS2010POP
12084,CENSUS2010POP
3788,CENSUS2010POP
6499,CENSUS2010POP
294567,CENSUS2010POP
55889,CENSUS2010POP
17809,CENSUS2010POP
1836,CENSUS2010POP
9088,CENSUS2010POP
8256,CENSUS2010POP
3524,CENSUS2010POP
5823,CENSUS2010POP
4255,CENSUS2010POP
30952,CENSUS2010POP
600158,CENSUS2010POP
2064,CENSUS2010POP
285465,CENSUS2010POP
52197,CENSUS2010POP
23086,CENSUS2010POP
622263,CENSUS2010POP
46824,CENSUS2010POP
56389,CENSUS2010POP
5441,CENSUS2010POP
14843,CENSUS2010POP
15324,CENSUS2010POP
843,CENSUS2010POP
6711,CENSUS2010POP
1394,CENSUS2010POP
534543,CENSUS2010POP
1398,CENSUS2010POP
8270,CENSUS2010POP
7310,CENSUS2010POP
51334,CENSUS2010POP
299630,CENSUS2010POP
15507,CENSUS2010POP
5467,CENSUS2010POP
22709,CENSUS2010POP
146723,CENSUS2010POP
712,CENSUS2010POP
13795,CENSUS2010POP
25535,CENSUS2010POP
41276,CENSUS2010POP
28159,CENSUS2010POP
18831,CENSUS2010POP
4436,CENSUS2010POP
16206,CENSUS2010POP
4442,CENSUS2010POP
17148,CENSUS2010POP
12551,CENSUS2010POP
159063,CENSUS2010POP
6666,CENSUS2010POP
11982,CENSUS2010POP
23509,CENSUS2010POP
6108,CENSUS2010POP
699,CENSUS2010POP
7359,CENSUS2010POP
2379,CENSUS2010POP
27994,CENSUS2010POP
23350,CENSUS2010POP
4814,CENSUS2010POP
252825,CENSUS2010POP
10043,CENSUS2010POP
3574097,CENSUS2010POP
916829,CENSUS2010POP
894014,CENSUS2010POP
189927,CENSUS2010POP
165676,CENSUS2010POP
862477,CENSUS2010POP
274055,CENSUS2010POP
152691,CENSUS2010POP
118428,CENSUS2010POP
897934,CENSUS2010POP
162310,CENSUS2010POP
538479,CENSUS2010POP
197145,CENSUS2010POP
601723,CENSUS2010POP
601723,CENSUS2010POP
18801310,CENSUS2010POP
247336,CENSUS2010POP
27115,CENSUS2010POP
168852,CENSUS2010POP
28520,CENSUS2010POP
543376,CENSUS2010POP
1748066,CENSUS2010POP
14625,CENSUS2010POP
159978,CENSUS2010POP
141236,CENSUS2010POP
190865,CENSUS2010POP
321520,CENSUS2010POP
67531,CENSUS2010POP
34862,CENSUS2010POP
16422,CENSUS2010POP
864263,CENSUS2010POP
297619,CENSUS2010POP
95696,CENSUS2010POP
11549,CENSUS2010POP
46389,CENSUS2010POP
16939,CENSUS2010POP
12884,CENSUS2010POP
15863,CENSUS2010POP
14799,CENSUS2010POP
27731,CENSUS2010POP
39140,CENSUS2010POP
172778,CENSUS2010POP
98786,CENSUS2010POP
1229226,CENSUS2010POP
19927,CENSUS2010POP
138028,CENSUS2010POP
49746,CENSUS2010POP
14761,CENSUS2010POP
8870,CENSUS2010POP
297052,CENSUS2010POP
618754,CENSUS2010POP
275487,CENSUS2010POP
40801,CENSUS2010POP
8365,CENSUS2010POP
19224,CENSUS2010POP
322833,CENSUS2010POP
331298,CENSUS2010POP
146318,CENSUS2010POP
2496435,CENSUS2010POP
73090,CENSUS2010POP
73314,CENSUS2010POP
180822,CENSUS2010POP
39996,CENSUS2010POP
1145956,CENSUS2010POP
268685,CENSUS2010POP
1320134,CENSUS2010POP
464697,CENSUS2010POP
916542,CENSUS2010POP
602095,CENSUS2010POP
74364,CENSUS2010POP
190039,CENSUS2010POP
277789,CENSUS2010POP
151372,CENSUS2010POP
379448,CENSUS2010POP
422718,CENSUS2010POP
93420,CENSUS2010POP
41551,CENSUS2010POP
22570,CENSUS2010POP
15535,CENSUS2010POP
494593,CENSUS2010POP
30776,CENSUS2010POP
55043,CENSUS2010POP
24896,CENSUS2010POP
9687653,CENSUS2010POP
18236,CENSUS2010POP
8375,CENSUS2010POP
11096,CENSUS2010POP
3451,CENSUS2010POP
45720,CENSUS2010POP
18395,CENSUS2010POP
69367,CENSUS2010POP
100157,CENSUS2010POP
17634,CENSUS2010POP
19286,CENSUS2010POP
155547,CENSUS2010POP
13063,CENSUS2010POP
18411,CENSUS2010POP
16243,CENSUS2010POP
30233,CENSUS2010POP
70217,CENSUS2010POP
23316,CENSUS2010POP
23655,CENSUS2010POP
6694,CENSUS2010POP
50513,CENSUS2010POP
10998,CENSUS2010POP
110527,CENSUS2010POP
63942,CENSUS2010POP
12171,CENSUS2010POP
265128,CENSUS2010POP
11267,CENSUS2010POP
26015,CENSUS2010POP
214346,CENSUS2010POP
116714,CENSUS2010POP
3183,CENSUS2010POP
259424,CENSUS2010POP
6798,CENSUS2010POP
688078,CENSUS2010POP
42356,CENSUS2010POP
45498,CENSUS2010POP
124053,CENSUS2010POP
17212,CENSUS2010POP
127317,CENSUS2010POP
12630,CENSUS2010POP
23439,CENSUS2010POP
16633,CENSUS2010POP
22330,CENSUS2010POP
27842,CENSUS2010POP
691893,CENSUS2010POP
21796,CENSUS2010POP
14918,CENSUS2010POP
94565,CENSUS2010POP
132403,CENSUS2010POP
11008,CENSUS2010POP
4034,CENSUS2010POP
52250,CENSUS2010POP
20166,CENSUS2010POP
22598,CENSUS2010POP
11000,CENSUS2010POP
23682,CENSUS2010POP
106567,CENSUS2010POP
96317,CENSUS2010POP
175511,CENSUS2010POP
22084,CENSUS2010POP
920581,CENSUS2010POP
28292,CENSUS2010POP
3082,CENSUS2010POP
79626,CENSUS2010POP
55186,CENSUS2010POP
25011,CENSUS2010POP
15994,CENSUS2010POP
805321,CENSUS2010POP
43041,CENSUS2010POP
179684,CENSUS2010POP
9429,CENSUS2010POP
28780,CENSUS2010POP
32024,CENSUS2010POP
25213,CENSUS2010POP
11834,CENSUS2010POP
203922,CENSUS2010POP
139900,CENSUS2010POP
9538,CENSUS2010POP
60485,CENSUS2010POP
13900,CENSUS2010POP
15068,CENSUS2010POP
16930,CENSUS2010POP
8340,CENSUS2010POP
9980,CENSUS2010POP
28669,CENSUS2010POP
18317,CENSUS2010POP
10078,CENSUS2010POP
48434,CENSUS2010POP
28298,CENSUS2010POP
63453,CENSUS2010POP
7996,CENSUS2010POP
14464,CENSUS2010POP
109233,CENSUS2010POP
29966,CENSUS2010POP
21875,CENSUS2010POP
14333,CENSUS2010POP
14740,CENSUS2010POP
28120,CENSUS2010POP
8742,CENSUS2010POP
21992,CENSUS2010POP
6125,CENSUS2010POP
23498,CENSUS2010POP
26424,CENSUS2010POP
9123,CENSUS2010POP
17868,CENSUS2010POP
39628,CENSUS2010POP
189885,CENSUS2010POP
99958,CENSUS2010POP
32808,CENSUS2010POP
14899,CENSUS2010POP
142324,CENSUS2010POP
27695,CENSUS2010POP
29431,CENSUS2010POP
18758,CENSUS2010POP
17869,CENSUS2010POP
41475,CENSUS2010POP
12010,CENSUS2010POP
21218,CENSUS2010POP
2513,CENSUS2010POP
16276,CENSUS2010POP
7719,CENSUS2010POP
200549,CENSUS2010POP
85215,CENSUS2010POP
5010,CENSUS2010POP
14593,CENSUS2010POP
8729,CENSUS2010POP
64073,CENSUS2010POP
26175,CENSUS2010POP
6058,CENSUS2010POP
32819,CENSUS2010POP
6865,CENSUS2010POP
1717,CENSUS2010POP
25520,CENSUS2010POP
8906,CENSUS2010POP
16500,CENSUS2010POP
9315,CENSUS2010POP
44720,CENSUS2010POP
40118,CENSUS2010POP
27223,CENSUS2010POP
10471,CENSUS2010POP
6885,CENSUS2010POP
67044,CENSUS2010POP
8930,CENSUS2010POP
9023,CENSUS2010POP
21356,CENSUS2010POP
27153,CENSUS2010POP
68756,CENSUS2010POP
83768,CENSUS2010POP
36312,CENSUS2010POP
5834,CENSUS2010POP
21187,CENSUS2010POP
30099,CENSUS2010POP
2799,CENSUS2010POP
7421,CENSUS2010POP
27144,CENSUS2010POP
102599,CENSUS2010POP
9255,CENSUS2010POP
10593,CENSUS2010POP
9563,CENSUS2010POP
21679,CENSUS2010POP
1360301,CENSUS2010POP
185079,CENSUS2010POP
953207,CENSUS2010POP
90,CENSUS2010POP
67091,CENSUS2010POP
154834,CENSUS2010POP
1567582,CENSUS2010POP
392365,CENSUS2010POP
3976,CENSUS2010POP
82839,CENSUS2010POP
5986,CENSUS2010POP
9285,CENSUS2010POP
45607,CENSUS2010POP
21376,CENSUS2010POP
7028,CENSUS2010POP
40877,CENSUS2010POP
104234,CENSUS2010POP
10972,CENSUS2010POP
2891,CENSUS2010POP
1117,CENSUS2010POP
188923,CENSUS2010POP
6963,CENSUS2010POP
22952,CENSUS2010POP
982,CENSUS2010POP
8761,CENSUS2010POP
4368,CENSUS2010POP
27038,CENSUS2010POP
12786,CENSUS2010POP
13242,CENSUS2010POP
16719,CENSUS2010POP
15464,CENSUS2010POP
16267,CENSUS2010POP
26140,CENSUS2010POP
22374,CENSUS2010POP
138494,CENSUS2010POP
37244,CENSUS2010POP
7936,CENSUS2010POP
3821,CENSUS2010POP
5208,CENSUS2010POP
37536,CENSUS2010POP
20069,CENSUS2010POP
39265,CENSUS2010POP
4286,CENSUS2010POP
11526,CENSUS2010POP
22623,CENSUS2010POP
7817,CENSUS2010POP
12765,CENSUS2010POP
10170,CENSUS2010POP
77230,CENSUS2010POP
9862,CENSUS2010POP
10198,CENSUS2010POP
12830632,CENSUS2010POP
67103,CENSUS2010POP
8238,CENSUS2010POP
17768,CENSUS2010POP
54165,CENSUS2010POP
6937,CENSUS2010POP
34978,CENSUS2010POP
5089,CENSUS2010POP
15387,CENSUS2010POP
13642,CENSUS2010POP
201081,CENSUS2010POP
34800,CENSUS2010POP
16335,CENSUS2010POP
13815,CENSUS2010POP
37762,CENSUS2010POP
53873,CENSUS2010POP
5194675,CENSUS2010POP
19817,CENSUS2010POP
11048,CENSUS2010POP
105160,CENSUS2010POP
16561,CENSUS2010POP
19980,CENSUS2010POP
916924,CENSUS2010POP
18576,CENSUS2010POP
6721,CENSUS2010POP
34242,CENSUS2010POP
22140,CENSUS2010POP
14081,CENSUS2010POP
39561,CENSUS2010POP
37069,CENSUS2010POP
5589,CENSUS2010POP
13886,CENSUS2010POP
50063,CENSUS2010POP
8457,CENSUS2010POP
19104,CENSUS2010POP
4320,CENSUS2010POP
7331,CENSUS2010POP
50486,CENSUS2010POP
29718,CENSUS2010POP
60218,CENSUS2010POP
9698,CENSUS2010POP
38827,CENSUS2010POP
22985,CENSUS2010POP
22678,CENSUS2010POP
12582,CENSUS2010POP
515269,CENSUS2010POP
113449,CENSUS2010POP
114736,CENSUS2010POP
52919,CENSUS2010POP
703462,CENSUS2010POP
113924,CENSUS2010POP
16833,CENSUS2010POP
36031,CENSUS2010POP
38950,CENSUS2010POP
30305,CENSUS2010POP
32612,CENSUS2010POP
308760,CENSUS2010POP
169572,CENSUS2010POP
110768,CENSUS2010POP
47765,CENSUS2010POP
269282,CENSUS2010POP
39437,CENSUS2010POP
12640,CENSUS2010POP
14666,CENSUS2010POP
15429,CENSUS2010POP
12705,CENSUS2010POP
16434,CENSUS2010POP
32957,CENSUS2010POP
30104,CENSUS2010POP
35547,CENSUS2010POP
14846,CENSUS2010POP
53497,CENSUS2010POP
186494,CENSUS2010POP
22350,CENSUS2010POP
16729,CENSUS2010POP
16430,CENSUS2010POP
4470,CENSUS2010POP
6161,CENSUS2010POP
6006,CENSUS2010POP
33476,CENSUS2010POP
16233,CENSUS2010POP
147546,CENSUS2010POP
270056,CENSUS2010POP
24913,CENSUS2010POP
197465,CENSUS2010POP
7544,CENSUS2010POP
5355,CENSUS2010POP
22363,CENSUS2010POP
5994,CENSUS2010POP
47711,CENSUS2010POP
135394,CENSUS2010POP
17808,CENSUS2010POP
81625,CENSUS2010POP
11947,CENSUS2010POP
17707,CENSUS2010POP
14716,CENSUS2010POP
16760,CENSUS2010POP
14665,CENSUS2010POP
58498,CENSUS2010POP
677560,CENSUS2010POP
66357,CENSUS2010POP
295266,CENSUS2010POP
38664,CENSUS2010POP
6483802,CENSUS2010POP
34387,CENSUS2010POP
355329,CENSUS2010POP
76794,CENSUS2010POP
8854,CENSUS2010POP
12766,CENSUS2010POP
56640,CENSUS2010POP
15242,CENSUS2010POP
20155,CENSUS2010POP
38966,CENSUS2010POP
110232,CENSUS2010POP
26890,CENSUS2010POP
33224,CENSUS2010POP
10713,CENSUS2010POP
31648,CENSUS2010POP
50047,CENSUS2010POP
25740,CENSUS2010POP
42223,CENSUS2010POP
117671,CENSUS2010POP
41889,CENSUS2010POP
197559,CENSUS2010POP
24277,CENSUS2010POP
74578,CENSUS2010POP
17240,CENSUS2010POP
23087,CENSUS2010POP
20836,CENSUS2010POP
33503,CENSUS2010POP
70061,CENSUS2010POP
33165,CENSUS2010POP
274569,CENSUS2010POP
70002,CENSUS2010POP
39364,CENSUS2010POP
145448,CENSUS2010POP
49462,CENSUS2010POP
82752,CENSUS2010POP
37124,CENSUS2010POP
42376,CENSUS2010POP
33478,CENSUS2010POP
21253,CENSUS2010POP
32428,CENSUS2010POP
28525,CENSUS2010POP
139654,CENSUS2010POP
38440,CENSUS2010POP
77358,CENSUS2010POP
37128,CENSUS2010POP
496005,CENSUS2010POP
111467,CENSUS2010POP
46134,CENSUS2010POP
131636,CENSUS2010POP
903393,CENSUS2010POP
47051,CENSUS2010POP
10334,CENSUS2010POP
36903,CENSUS2010POP
137974,CENSUS2010POP
38124,CENSUS2010POP
68894,CENSUS2010POP
14244,CENSUS2010POP
47536,CENSUS2010POP
6128,CENSUS2010POP
19840,CENSUS2010POP
21575,CENSUS2010POP
17339,CENSUS2010POP
19338,CENSUS2010POP
12845,CENSUS2010POP
164343,CENSUS2010POP
25910,CENSUS2010POP
13402,CENSUS2010POP
37963,CENSUS2010POP
26171,CENSUS2010POP
28818,CENSUS2010POP
17392,CENSUS2010POP
266931,CENSUS2010POP
24181,CENSUS2010POP
44436,CENSUS2010POP
20952,CENSUS2010POP
23363,CENSUS2010POP
34185,CENSUS2010POP
21475,CENSUS2010POP
10613,CENSUS2010POP
172780,CENSUS2010POP
15936,CENSUS2010POP
7516,CENSUS2010POP
179703,CENSUS2010POP
16212,CENSUS2010POP
107848,CENSUS2010POP
32888,CENSUS2010POP
8508,CENSUS2010POP
59689,CENSUS2010POP
28262,CENSUS2010POP
68917,CENSUS2010POP
27636,CENSUS2010POP
24643,CENSUS2010POP
33292,CENSUS2010POP
3046355,CENSUS2010POP
7682,CENSUS2010POP
4029,CENSUS2010POP
14330,CENSUS2010POP
12887,CENSUS2010POP
6119,CENSUS2010POP
26076,CENSUS2010POP
131090,CENSUS2010POP
26306,CENSUS2010POP
24276,CENSUS2010POP
20958,CENSUS2010POP
20260,CENSUS2010POP
14867,CENSUS2010POP
9670,CENSUS2010POP
20816,CENSUS2010POP
13956,CENSUS2010POP
18499,CENSUS2010POP
44151,CENSUS2010POP
12072,CENSUS2010POP
12439,CENSUS2010POP
9286,CENSUS2010POP
16667,CENSUS2010POP
18129,CENSUS2010POP
49116,CENSUS2010POP
17096,CENSUS2010POP
66135,CENSUS2010POP
8753,CENSUS2010POP
8457,CENSUS2010POP
17764,CENSUS2010POP
40325,CENSUS2010POP
16667,CENSUS2010POP
93653,CENSUS2010POP
10302,CENSUS2010POP
20880,CENSUS2010POP
16303,CENSUS2010POP
10680,CENSUS2010POP
7441,CENSUS2010POP
9336,CENSUS2010POP
12453,CENSUS2010POP
10954,CENSUS2010POP
15673,CENSUS2010POP
11341,CENSUS2010POP
17534,CENSUS2010POP
14928,CENSUS2010POP
20145,CENSUS2010POP
9566,CENSUS2010POP
9815,CENSUS2010POP
7089,CENSUS2010POP
16355,CENSUS2010POP
19848,CENSUS2010POP
36842,CENSUS2010POP
16843,CENSUS2010POP
130882,CENSUS2010POP
20638,CENSUS2010POP
10511,CENSUS2010POP
15543,CENSUS2010POP
35862,CENSUS2010POP
211226,CENSUS2010POP
11387,CENSUS2010POP
8898,CENSUS2010POP
11581,CENSUS2010POP
15679,CENSUS2010POP
22381,CENSUS2010POP
33309,CENSUS2010POP
40648,CENSUS2010POP
15059,CENSUS2010POP
10776,CENSUS2010POP
9243,CENSUS2010POP
7970,CENSUS2010POP
10740,CENSUS2010POP
42745,CENSUS2010POP
14398,CENSUS2010POP
6462,CENSUS2010POP
15932,CENSUS2010POP
9421,CENSUS2010POP
24986,CENSUS2010POP
7310,CENSUS2010POP
430640,CENSUS2010POP
93158,CENSUS2010POP
18914,CENSUS2010POP
5131,CENSUS2010POP
10350,CENSUS2010POP
165224,CENSUS2010POP
12167,CENSUS2010POP
33704,CENSUS2010POP
89542,CENSUS2010POP
17767,CENSUS2010POP
6317,CENSUS2010POP
12534,CENSUS2010POP
7570,CENSUS2010POP
35625,CENSUS2010POP
46225,CENSUS2010POP
21704,CENSUS2010POP
6403,CENSUS2010POP
38013,CENSUS2010POP
10866,CENSUS2010POP
21056,CENSUS2010POP
102172,CENSUS2010POP
7598,CENSUS2010POP
13229,CENSUS2010POP
2853118,CENSUS2010POP
13371,CENSUS2010POP
8102,CENSUS2010POP
16924,CENSUS2010POP
4861,CENSUS2010POP
27674,CENSUS2010POP
15173,CENSUS2010POP
9984,CENSUS2010POP
65880,CENSUS2010POP
2790,CENSUS2010POP
3669,CENSUS2010POP
21603,CENSUS2010POP
2726,CENSUS2010POP
2215,CENSUS2010POP
8535,CENSUS2010POP
9533,CENSUS2010POP
8601,CENSUS2010POP
1891,CENSUS2010POP
36311,CENSUS2010POP
39134,CENSUS2010POP
2961,CENSUS2010POP
19754,CENSUS2010POP
7945,CENSUS2010POP
110826,CENSUS2010POP
3037,CENSUS2010POP
2882,CENSUS2010POP
28452,CENSUS2010POP
6497,CENSUS2010POP
36776,CENSUS2010POP
33848,CENSUS2010POP
25992,CENSUS2010POP
34362,CENSUS2010POP
2695,CENSUS2010POP
2597,CENSUS2010POP
7829,CENSUS2010POP
6006,CENSUS2010POP
1247,CENSUS2010POP
6689,CENSUS2010POP
2690,CENSUS2010POP
6034,CENSUS2010POP
34684,CENSUS2010POP
4256,CENSUS2010POP
1916,CENSUS2010POP
13462,CENSUS2010POP
19126,CENSUS2010POP
3077,CENSUS2010POP
544179,CENSUS2010POP
3977,CENSUS2010POP
7858,CENSUS2010POP
2553,CENSUS2010POP
21607,CENSUS2010POP
1750,CENSUS2010POP
76227,CENSUS2010POP
3241,CENSUS2010POP
9656,CENSUS2010POP
2756,CENSUS2010POP
33690,CENSUS2010POP
29180,CENSUS2010POP
12660,CENSUS2010POP
10117,CENSUS2010POP
4575,CENSUS2010POP
32787,CENSUS2010POP
6373,CENSUS2010POP
35471,CENSUS2010POP
5923,CENSUS2010POP
3233,CENSUS2010POP
10178,CENSUS2010POP
16512,CENSUS2010POP
3107,CENSUS2010POP
5671,CENSUS2010POP
16295,CENSUS2010POP
3858,CENSUS2010POP
6091,CENSUS2010POP
6973,CENSUS2010POP
5642,CENSUS2010POP
21604,CENSUS2010POP
9656,CENSUS2010POP
2519,CENSUS2010POP
64511,CENSUS2010POP
4980,CENSUS2010POP
10083,CENSUS2010POP
71115,CENSUS2010POP
5181,CENSUS2010POP
3307,CENSUS2010POP
6970,CENSUS2010POP
55606,CENSUS2010POP
4936,CENSUS2010POP
498365,CENSUS2010POP
22952,CENSUS2010POP
177934,CENSUS2010POP
2556,CENSUS2010POP
6010,CENSUS2010POP
3853,CENSUS2010POP
4437,CENSUS2010POP
2235,CENSUS2010POP
5724,CENSUS2010POP
24132,CENSUS2010POP
7900,CENSUS2010POP
3001,CENSUS2010POP
7053,CENSUS2010POP
1485,CENSUS2010POP
5799,CENSUS2010POP
2234,CENSUS2010POP
9409,CENSUS2010POP
3309,CENSUS2010POP
157505,CENSUS2010POP
4339367,CENSUS2010POP
18656,CENSUS2010POP
19956,CENSUS2010POP
21421,CENSUS2010POP
8249,CENSUS2010POP
42173,CENSUS2010POP
11591,CENSUS2010POP
28691,CENSUS2010POP
118811,CENSUS2010POP
19985,CENSUS2010POP
49542,CENSUS2010POP
28432,CENSUS2010POP
8488,CENSUS2010POP
13878,CENSUS2010POP
20059,CENSUS2010POP
74319,CENSUS2010POP
12690,CENSUS2010POP
12984,CENSUS2010POP
37191,CENSUS2010POP
90336,CENSUS2010POP
5104,CENSUS2010POP
10811,CENSUS2010POP
27720,CENSUS2010POP
15955,CENSUS2010POP
73955,CENSUS2010POP
35613,CENSUS2010POP
21730,CENSUS2010POP
10272,CENSUS2010POP
9315,CENSUS2010POP
6856,CENSUS2010POP
96656,CENSUS2010POP
12161,CENSUS2010POP
7852,CENSUS2010POP
14672,CENSUS2010POP
295803,CENSUS2010POP
14348,CENSUS2010POP
39451,CENSUS2010POP
49285,CENSUS2010POP
6813,CENSUS2010POP
8589,CENSUS2010POP
16912,CENSUS2010POP
24662,CENSUS2010POP
37121,CENSUS2010POP
25746,CENSUS2010POP
11258,CENSUS2010POP
36910,CENSUS2010POP
8565,CENSUS2010POP
105543,CENSUS2010POP
29278,CENSUS2010POP
18846,CENSUS2010POP
18199,CENSUS2010POP
46250,CENSUS2010POP
15416,CENSUS2010POP
4902,CENSUS2010POP
46920,CENSUS2010POP
13494,CENSUS2010POP
741096,CENSUS2010POP
48586,CENSUS2010POP
23356,CENSUS2010POP
159720,CENSUS2010POP
16346,CENSUS2010POP
31883,CENSUS2010POP
14193,CENSUS2010POP
58849,CENSUS2010POP
15860,CENSUS2010POP
7887,CENSUS2010POP
11310,CENSUS2010POP
24519,CENSUS2010POP
13870,CENSUS2010POP
24742,CENSUS2010POP
9519,CENSUS2010POP
26835,CENSUS2010POP
8314,CENSUS2010POP
65565,CENSUS2010POP
18306,CENSUS2010POP
9531,CENSUS2010POP
82916,CENSUS2010POP
13333,CENSUS2010POP
19820,CENSUS2010POP
31448,CENSUS2010POP
12929,CENSUS2010POP
17490,CENSUS2010POP
28602,CENSUS2010POP
6306,CENSUS2010POP
21331,CENSUS2010POP
10099,CENSUS2010POP
10963,CENSUS2010POP
26499,CENSUS2010POP
13923,CENSUS2010POP
31499,CENSUS2010POP
43437,CENSUS2010POP
7135,CENSUS2010POP
23842,CENSUS2010POP
60316,CENSUS2010POP
10841,CENSUS2010POP
4755,CENSUS2010POP
14877,CENSUS2010POP
28712,CENSUS2010POP
65024,CENSUS2010POP
12613,CENSUS2010POP
63063,CENSUS2010POP
2282,CENSUS2010POP
17056,CENSUS2010POP
23333,CENSUS2010POP
17565,CENSUS2010POP
47173,CENSUS2010POP
42074,CENSUS2010POP
17327,CENSUS2010POP
17061,CENSUS2010POP
24512,CENSUS2010POP
12460,CENSUS2010POP
14339,CENSUS2010POP
8809,CENSUS2010POP
15007,CENSUS2010POP
113792,CENSUS2010POP
11717,CENSUS2010POP
20813,CENSUS2010POP
13621,CENSUS2010POP
35637,CENSUS2010POP
7355,CENSUS2010POP
24939,CENSUS2010POP
4533372,CENSUS2010POP
61773,CENSUS2010POP
25764,CENSUS2010POP
107215,CENSUS2010POP
23421,CENSUS2010POP
42073,CENSUS2010POP
35654,CENSUS2010POP
14353,CENSUS2010POP
116979,CENSUS2010POP
254969,CENSUS2010POP
192768,CENSUS2010POP
10132,CENSUS2010POP
6839,CENSUS2010POP
10407,CENSUS2010POP
17195,CENSUS2010POP
20822,CENSUS2010POP
26656,CENSUS2010POP
440171,CENSUS2010POP
7759,CENSUS2010POP
20267,CENSUS2010POP
33984,CENSUS2010POP
20767,CENSUS2010POP
22309,CENSUS2010POP
73240,CENSUS2010POP
33387,CENSUS2010POP
16274,CENSUS2010POP
432552,CENSUS2010POP
31594,CENSUS2010POP
221578,CENSUS2010POP
96318,CENSUS2010POP
14890,CENSUS2010POP
46735,CENSUS2010POP
128026,CENSUS2010POP
12093,CENSUS2010POP
27979,CENSUS2010POP
39566,CENSUS2010POP
343829,CENSUS2010POP
153720,CENSUS2010POP
23042,CENSUS2010POP
22802,CENSUS2010POP
131613,CENSUS2010POP
9091,CENSUS2010POP
20725,CENSUS2010POP
24233,CENSUS2010POP
35897,CENSUS2010POP
52780,CENSUS2010POP
11203,CENSUS2010POP
22102,CENSUS2010POP
45924,CENSUS2010POP
83384,CENSUS2010POP
52160,CENSUS2010POP
54650,CENSUS2010POP
233740,CENSUS2010POP
121097,CENSUS2010POP
5252,CENSUS2010POP
111860,CENSUS2010POP
22721,CENSUS2010POP
57999,CENSUS2010POP
52334,CENSUS2010POP
47168,CENSUS2010POP
41207,CENSUS2010POP
23788,CENSUS2010POP
11604,CENSUS2010POP
15625,CENSUS2010POP
15313,CENSUS2010POP
1328361,CENSUS2010POP
107702,CENSUS2010POP
71870,CENSUS2010POP
281674,CENSUS2010POP
30768,CENSUS2010POP
54418,CENSUS2010POP
122151,CENSUS2010POP
39736,CENSUS2010POP
34457,CENSUS2010POP
57833,CENSUS2010POP
153923,CENSUS2010POP
17535,CENSUS2010POP
35293,CENSUS2010POP
52228,CENSUS2010POP
38786,CENSUS2010POP
32856,CENSUS2010POP
197131,CENSUS2010POP
5773552,CENSUS2010POP
75087,CENSUS2010POP
537656,CENSUS2010POP
805029,CENSUS2010POP
88737,CENSUS2010POP
33066,CENSUS2010POP
167134,CENSUS2010POP
101108,CENSUS2010POP
146551,CENSUS2010POP
32618,CENSUS2010POP
233385,CENSUS2010POP
30097,CENSUS2010POP
244826,CENSUS2010POP
287085,CENSUS2010POP
20197,CENSUS2010POP
971777,CENSUS2010POP
863420,CENSUS2010POP
47798,CENSUS2010POP
105151,CENSUS2010POP
26470,CENSUS2010POP
37782,CENSUS2010POP
147430,CENSUS2010POP
98733,CENSUS2010POP
51454,CENSUS2010POP
620961,CENSUS2010POP
6547629,CENSUS2010POP
215888,CENSUS2010POP
131219,CENSUS2010POP
548285,CENSUS2010POP
16535,CENSUS2010POP
743159,CENSUS2010POP
71372,CENSUS2010POP
463490,CENSUS2010POP
158080,CENSUS2010POP
1503085,CENSUS2010POP
10172,CENSUS2010POP
670850,CENSUS2010POP
494919,CENSUS2010POP
722023,CENSUS2010POP
798552,CENSUS2010POP
9883640,CENSUS2010POP
10942,CENSUS2010POP
9601,CENSUS2010POP
111408,CENSUS2010POP
29598,CENSUS2010POP
23580,CENSUS2010POP
15899,CENSUS2010POP
8860,CENSUS2010POP
59173,CENSUS2010POP
107771,CENSUS2010POP
17525,CENSUS2010POP
156813,CENSUS2010POP
45248,CENSUS2010POP
136146,CENSUS2010POP
52293,CENSUS2010POP
25949,CENSUS2010POP
26152,CENSUS2010POP
38520,CENSUS2010POP
30926,CENSUS2010POP
75382,CENSUS2010POP
14074,CENSUS2010POP
37069,CENSUS2010POP
26168,CENSUS2010POP
107759,CENSUS2010POP
32694,CENSUS2010POP
425790,CENSUS2010POP
25692,CENSUS2010POP
16427,CENSUS2010POP
86986,CENSUS2010POP
42476,CENSUS2010POP
46688,CENSUS2010POP
36628,CENSUS2010POP
33118,CENSUS2010POP
280895,CENSUS2010POP
63905,CENSUS2010POP
25887,CENSUS2010POP
11817,CENSUS2010POP
70311,CENSUS2010POP
160248,CENSUS2010POP
250331,CENSUS2010POP
17153,CENSUS2010POP
602622,CENSUS2010POP
2156,CENSUS2010POP
11539,CENSUS2010POP
88319,CENSUS2010POP
21708,CENSUS2010POP
99892,CENSUS2010POP
180967,CENSUS2010POP
6631,CENSUS2010POP
11113,CENSUS2010POP
840978,CENSUS2010POP
24733,CENSUS2010POP
67077,CENSUS2010POP
28705,CENSUS2010POP
42798,CENSUS2010POP
24029,CENSUS2010POP
83629,CENSUS2010POP
14849,CENSUS2010POP
152021,CENSUS2010POP
63342,CENSUS2010POP
9765,CENSUS2010POP
172188,CENSUS2010POP
48460,CENSUS2010POP
1202362,CENSUS2010POP
26570,CENSUS2010POP
21699,CENSUS2010POP
6780,CENSUS2010POP
23528,CENSUS2010POP
8640,CENSUS2010POP
24164,CENSUS2010POP
263801,CENSUS2010POP
13376,CENSUS2010POP
24449,CENSUS2010POP
200169,CENSUS2010POP
163040,CENSUS2010POP
61295,CENSUS2010POP
43114,CENSUS2010POP
8485,CENSUS2010POP
70648,CENSUS2010POP
55729,CENSUS2010POP
76258,CENSUS2010POP
344791,CENSUS2010POP
1820584,CENSUS2010POP
32735,CENSUS2010POP
5303925,CENSUS2010POP
16202,CENSUS2010POP
330844,CENSUS2010POP
32504,CENSUS2010POP
44442,CENSUS2010POP
38451,CENSUS2010POP
5269,CENSUS2010POP
64013,CENSUS2010POP
25893,CENSUS2010POP
35386,CENSUS2010POP
91042,CENSUS2010POP
28567,CENSUS2010POP
12441,CENSUS2010POP
53887,CENSUS2010POP
58999,CENSUS2010POP
8695,CENSUS2010POP
5176,CENSUS2010POP
11687,CENSUS2010POP
62500,CENSUS2010POP
398552,CENSUS2010POP
20087,CENSUS2010POP
36009,CENSUS2010POP
14553,CENSUS2010POP
20866,CENSUS2010POP
31255,CENSUS2010POP
46183,CENSUS2010POP
6018,CENSUS2010POP
1152425,CENSUS2010POP
19027,CENSUS2010POP
20428,CENSUS2010POP
37816,CENSUS2010POP
45058,CENSUS2010POP
10266,CENSUS2010POP
16239,CENSUS2010POP
42239,CENSUS2010POP
4552,CENSUS2010POP
13311,CENSUS2010POP
7259,CENSUS2010POP
10866,CENSUS2010POP
4045,CENSUS2010POP
27703,CENSUS2010POP
5896,CENSUS2010POP
25857,CENSUS2010POP
36651,CENSUS2010POP
5413,CENSUS2010POP
9439,CENSUS2010POP
20840,CENSUS2010POP
23300,CENSUS2010POP
26097,CENSUS2010POP
33198,CENSUS2010POP
39163,CENSUS2010POP
8725,CENSUS2010POP
32727,CENSUS2010POP
21378,CENSUS2010POP
6852,CENSUS2010POP
144248,CENSUS2010POP
57303,CENSUS2010POP
13930,CENSUS2010POP
29750,CENSUS2010POP
9596,CENSUS2010POP
31600,CENSUS2010POP
10995,CENSUS2010POP
508640,CENSUS2010POP
4089,CENSUS2010POP
16059,CENSUS2010POP
15730,CENSUS2010POP
64142,CENSUS2010POP
9687,CENSUS2010POP
15629,CENSUS2010POP
200226,CENSUS2010POP
129928,CENSUS2010POP
88499,CENSUS2010POP
15226,CENSUS2010POP
150642,CENSUS2010POP
36576,CENSUS2010POP
9726,CENSUS2010POP
9783,CENSUS2010POP
24895,CENSUS2010POP
3558,CENSUS2010POP
21676,CENSUS2010POP
13843,CENSUS2010POP
19136,CENSUS2010POP
238136,CENSUS2010POP
11211,CENSUS2010POP
6576,CENSUS2010POP
51461,CENSUS2010POP
124700,CENSUS2010POP
10438,CENSUS2010POP
2967297,CENSUS2010POP
32297,CENSUS2010POP
37057,CENSUS2010POP
13131,CENSUS2010POP
19564,CENSUS2010POP
8729,CENSUS2010POP
34145,CENSUS2010POP
14962,CENSUS2010POP
10597,CENSUS2010POP
17392,CENSUS2010POP
8547,CENSUS2010POP
9604,CENSUS2010POP
16732,CENSUS2010POP
20634,CENSUS2010POP
26151,CENSUS2010POP
29449,CENSUS2010POP
19568,CENSUS2010POP
161252,CENSUS2010POP
74934,CENSUS2010POP
8118,CENSUS2010POP
22578,CENSUS2010POP
14400,CENSUS2010POP
21906,CENSUS2010POP
43929,CENSUS2010POP
187105,CENSUS2010POP
245285,CENSUS2010POP
19198,CENSUS2010POP
9375,CENSUS2010POP
1406,CENSUS2010POP
23401,CENSUS2010POP
139668,CENSUS2010POP
17062,CENSUS2010POP
7726,CENSUS2010POP
12487,CENSUS2010POP
67761,CENSUS2010POP
10456,CENSUS2010POP
47351,CENSUS2010POP
55658,CENSUS2010POP
80261,CENSUS2010POP
12929,CENSUS2010POP
23805,CENSUS2010POP
82910,CENSUS2010POP
32317,CENSUS2010POP
34869,CENSUS2010POP
59779,CENSUS2010POP
95203,CENSUS2010POP
27088,CENSUS2010POP
37144,CENSUS2010POP
36989,CENSUS2010POP
10925,CENSUS2010POP
29676,CENSUS2010POP
21720,CENSUS2010POP
11545,CENSUS2010POP
47671,CENSUS2010POP
34707,CENSUS2010POP
55834,CENSUS2010POP
12250,CENSUS2010POP
40404,CENSUS2010POP
29957,CENSUS2010POP
25276,CENSUS2010POP
8223,CENSUS2010POP
141617,CENSUS2010POP
28264,CENSUS2010POP
4916,CENSUS2010POP
27503,CENSUS2010POP
16491,CENSUS2010POP
17786,CENSUS2010POP
29450,CENSUS2010POP
15378,CENSUS2010POP
28886,CENSUS2010POP
22232,CENSUS2010POP
19593,CENSUS2010POP
10778,CENSUS2010POP
27134,CENSUS2010POP
15443,CENSUS2010POP
48773,CENSUS2010POP
51137,CENSUS2010POP
20747,CENSUS2010POP
10253,CENSUS2010POP
9878,CENSUS2010POP
19198,CENSUS2010POP
12678,CENSUS2010POP
28065,CENSUS2010POP
5988927,CENSUS2010POP
25607,CENSUS2010POP
17291,CENSUS2010POP
5685,CENSUS2010POP
25529,CENSUS2010POP
35597,CENSUS2010POP
12402,CENSUS2010POP
17049,CENSUS2010POP
19056,CENSUS2010POP
12363,CENSUS2010POP
162642,CENSUS2010POP
89201,CENSUS2010POP
42794,CENSUS2010POP
9424,CENSUS2010POP
44332,CENSUS2010POP
44002,CENSUS2010POP
75674,CENSUS2010POP
9295,CENSUS2010POP
6265,CENSUS2010POP
99478,CENSUS2010POP
13982,CENSUS2010POP
7831,CENSUS2010POP
77422,CENSUS2010POP
7139,CENSUS2010POP
221939,CENSUS2010POP
20743,CENSUS2010POP
75990,CENSUS2010POP
17601,CENSUS2010POP
24696,CENSUS2010POP
7883,CENSUS2010POP
16777,CENSUS2010POP
8433,CENSUS2010POP
12892,CENSUS2010POP
15657,CENSUS2010POP
13684,CENSUS2010POP
31953,CENSUS2010POP
101492,CENSUS2010POP
15222,CENSUS2010POP
6738,CENSUS2010POP
275174,CENSUS2010POP
10261,CENSUS2010POP
8957,CENSUS2010POP
22272,CENSUS2010POP
9627,CENSUS2010POP
4912,CENSUS2010POP
10144,CENSUS2010POP
40400,CENSUS2010POP
10630,CENSUS2010POP
674158,CENSUS2010POP
117404,CENSUS2010POP
218733,CENSUS2010POP
52595,CENSUS2010POP
4131,CENSUS2010POP
35571,CENSUS2010POP
33381,CENSUS2010POP
38634,CENSUS2010POP
10211,CENSUS2010POP
52566,CENSUS2010POP
12761,CENSUS2010POP
15195,CENSUS2010POP
23083,CENSUS2010POP
15566,CENSUS2010POP
12226,CENSUS2010POP
9176,CENSUS2010POP
28781,CENSUS2010POP
3785,CENSUS2010POP
24748,CENSUS2010POP
14358,CENSUS2010POP
15607,CENSUS2010POP
8840,CENSUS2010POP
12236,CENSUS2010POP
20565,CENSUS2010POP
18956,CENSUS2010POP
58114,CENSUS2010POP
23370,CENSUS2010POP
10881,CENSUS2010POP
13878,CENSUS2010POP
9723,CENSUS2010POP
18296,CENSUS2010POP
18971,CENSUS2010POP
42201,CENSUS2010POP
45156,CENSUS2010POP
18516,CENSUS2010POP
89322,CENSUS2010POP
31137,CENSUS2010POP
52274,CENSUS2010POP
4979,CENSUS2010POP
10167,CENSUS2010POP
25414,CENSUS2010POP
23494,CENSUS2010POP
6696,CENSUS2010POP
14100,CENSUS2010POP
360485,CENSUS2010POP
9805,CENSUS2010POP
18145,CENSUS2010POP
65359,CENSUS2010POP
998954,CENSUS2010POP
23370,CENSUS2010POP
4431,CENSUS2010POP
4843,CENSUS2010POP
39191,CENSUS2010POP
8441,CENSUS2010POP
6373,CENSUS2010POP
29968,CENSUS2010POP
32202,CENSUS2010POP
6714,CENSUS2010POP
51675,CENSUS2010POP
26008,CENSUS2010POP
21159,CENSUS2010POP
32513,CENSUS2010POP
25195,CENSUS2010POP
13521,CENSUS2010POP
36202,CENSUS2010POP
2171,CENSUS2010POP
18815,CENSUS2010POP
319294,CENSUS2010POP
989415,CENSUS2010POP
9246,CENSUS2010POP
12865,CENSUS2010POP
6491,CENSUS2010POP
5612,CENSUS2010POP
10078,CENSUS2010POP
1160,CENSUS2010POP
81327,CENSUS2010POP
5813,CENSUS2010POP
11699,CENSUS2010POP
1751,CENSUS2010POP
8966,CENSUS2010POP
9298,CENSUS2010POP
2890,CENSUS2010POP
11586,CENSUS2010POP
90928,CENSUS2010POP
89513,CENSUS2010POP
1206,CENSUS2010POP
13399,CENSUS2010POP
884,CENSUS2010POP
3079,CENSUS2010POP
16096,CENSUS2010POP
11406,CENSUS2010POP
2072,CENSUS2010POP
28746,CENSUS2010POP
63395,CENSUS2010POP
2339,CENSUS2010POP
19687,CENSUS2010POP
1734,CENSUS2010POP
7691,CENSUS2010POP
1891,CENSUS2010POP
4223,CENSUS2010POP
109299,CENSUS2010POP
4538,CENSUS2010POP
15636,CENSUS2010POP
494,CENSUS2010POP
4253,CENSUS2010POP
6153,CENSUS2010POP
1743,CENSUS2010POP
7027,CENSUS2010POP
1179,CENSUS2010POP
40212,CENSUS2010POP
9746,CENSUS2010POP
10425,CENSUS2010POP
9233,CENSUS2010POP
11413,CENSUS2010POP
3384,CENSUS2010POP
34200,CENSUS2010POP
9117,CENSUS2010POP
3651,CENSUS2010POP
6073,CENSUS2010POP
5324,CENSUS2010POP
718,CENSUS2010POP
7369,CENSUS2010POP
2168,CENSUS2010POP
1017,CENSUS2010POP
147972,CENSUS2010POP
1826341,CENSUS2010POP
31364,CENSUS2010POP
6685,CENSUS2010POP
460,CENSUS2010POP
690,CENSUS2010POP
478,CENSUS2010POP
5505,CENSUS2010POP
11308,CENSUS2010POP
2099,CENSUS2010POP
3145,CENSUS2010POP
46102,CENSUS2010POP
6858,CENSUS2010POP
8395,CENSUS2010POP
25241,CENSUS2010POP
8852,CENSUS2010POP
3966,CENSUS2010POP
5713,CENSUS2010POP
9998,CENSUS2010POP
6542,CENSUS2010POP
10515,CENSUS2010POP
9139,CENSUS2010POP
10939,CENSUS2010POP
21006,CENSUS2010POP
9182,CENSUS2010POP
24326,CENSUS2010POP
1941,CENSUS2010POP
6000,CENSUS2010POP
36691,CENSUS2010POP
517110,CENSUS2010POP
2008,CENSUS2010POP
5890,CENSUS2010POP
3225,CENSUS2010POP
2756,CENSUS2010POP
4959,CENSUS2010POP
22311,CENSUS2010POP
2057,CENSUS2010POP
2049,CENSUS2010POP
2044,CENSUS2010POP
614,CENSUS2010POP
2538,CENSUS2010POP
58607,CENSUS2010POP
9124,CENSUS2010POP
3423,CENSUS2010POP
967,CENSUS2010POP
2908,CENSUS2010POP
10435,CENSUS2010POP
736,CENSUS2010POP
6274,CENSUS2010POP
7547,CENSUS2010POP
5217,CENSUS2010POP
6489,CENSUS2010POP
8368,CENSUS2010POP
824,CENSUS2010POP
3821,CENSUS2010POP
8701,CENSUS2010POP
285407,CENSUS2010POP
36288,CENSUS2010POP
763,CENSUS2010POP
632,CENSUS2010POP
539,CENSUS2010POP
34876,CENSUS2010POP
7845,CENSUS2010POP
5042,CENSUS2010POP
3735,CENSUS2010POP
7248,CENSUS2010POP
4500,CENSUS2010POP
15740,CENSUS2010POP
2773,CENSUS2010POP
2970,CENSUS2010POP
9188,CENSUS2010POP
7266,CENSUS2010POP
32237,CENSUS2010POP
5406,CENSUS2010POP
11055,CENSUS2010POP
8363,CENSUS2010POP
1526,CENSUS2010POP
14200,CENSUS2010POP
158840,CENSUS2010POP
20780,CENSUS2010POP
36970,CENSUS2010POP
16750,CENSUS2010POP
5469,CENSUS2010POP
3152,CENSUS2010POP
1311,CENSUS2010POP
6129,CENSUS2010POP
5228,CENSUS2010POP
647,CENSUS2010POP
6940,CENSUS2010POP
4260,CENSUS2010POP
20234,CENSUS2010POP
9595,CENSUS2010POP
3812,CENSUS2010POP
818,CENSUS2010POP
13665,CENSUS2010POP
2700551,CENSUS2010POP
24877,CENSUS2010POP
1951269,CENSUS2010POP
46997,CENSUS2010POP
48818,CENSUS2010POP
783,CENSUS2010POP
1987,CENSUS2010POP
16528,CENSUS2010POP
5775,CENSUS2010POP
5345,CENSUS2010POP
51980,CENSUS2010POP
4772,CENSUS2010POP
43946,CENSUS2010POP
6753,CENSUS2010POP
4010,CENSUS2010POP
421407,CENSUS2010POP
10030,CENSUS2010POP
55274,CENSUS2010POP
1316470,CENSUS2010POP
60088,CENSUS2010POP
47818,CENSUS2010POP
77117,CENSUS2010POP
33055,CENSUS2010POP
89118,CENSUS2010POP
400721,CENSUS2010POP
146445,CENSUS2010POP
295223,CENSUS2010POP
123143,CENSUS2010POP
43742,CENSUS2010POP
8791894,CENSUS2010POP
274549,CENSUS2010POP
905116,CENSUS2010POP
448734,CENSUS2010POP
513657,CENSUS2010POP
97265,CENSUS2010POP
156898,CENSUS2010POP
783969,CENSUS2010POP
288288,CENSUS2010POP
634266,CENSUS2010POP
128349,CENSUS2010POP
366513,CENSUS2010POP
809858,CENSUS2010POP
630380,CENSUS2010POP
492276,CENSUS2010POP
576567,CENSUS2010POP
501226,CENSUS2010POP
66083,CENSUS2010POP
323444,CENSUS2010POP
149265,CENSUS2010POP
536499,CENSUS2010POP
108692,CENSUS2010POP
2059179,CENSUS2010POP
662564,CENSUS2010POP
3725,CENSUS2010POP
65645,CENSUS2010POP
27213,CENSUS2010POP
13750,CENSUS2010POP
48376,CENSUS2010POP
2022,CENSUS2010POP
209233,CENSUS2010POP
53829,CENSUS2010POP
29514,CENSUS2010POP
4687,CENSUS2010POP
695,CENSUS2010POP
4894,CENSUS2010POP
64727,CENSUS2010POP
20497,CENSUS2010POP
17950,CENSUS2010POP
25095,CENSUS2010POP
71492,CENSUS2010POP
4881,CENSUS2010POP
63797,CENSUS2010POP
9041,CENSUS2010POP
40246,CENSUS2010POP
19846,CENSUS2010POP
131561,CENSUS2010POP
130044,CENSUS2010POP
29393,CENSUS2010POP
144170,CENSUS2010POP
11988,CENSUS2010POP
17866,CENSUS2010POP
32937,CENSUS2010POP
16383,CENSUS2010POP
4549,CENSUS2010POP
76569,CENSUS2010POP
19378102,CENSUS2010POP
304204,CENSUS2010POP
48946,CENSUS2010POP
1385108,CENSUS2010POP
200600,CENSUS2010POP
80317,CENSUS2010POP
80026,CENSUS2010POP
134905,CENSUS2010POP
88830,CENSUS2010POP
50477,CENSUS2010POP
82128,CENSUS2010POP
63096,CENSUS2010POP
49336,CENSUS2010POP
47980,CENSUS2010POP
297488,CENSUS2010POP
919040,CENSUS2010POP
39370,CENSUS2010POP
51599,CENSUS2010POP
55531,CENSUS2010POP
60079,CENSUS2010POP
49221,CENSUS2010POP
4836,CENSUS2010POP
64519,CENSUS2010POP
116229,CENSUS2010POP
2504700,CENSUS2010POP
27087,CENSUS2010POP
65393,CENSUS2010POP
73442,CENSUS2010POP
744344,CENSUS2010POP
50219,CENSUS2010POP
1339532,CENSUS2010POP
1585873,CENSUS2010POP
216469,CENSUS2010POP
234878,CENSUS2010POP
467026,CENSUS2010POP
107931,CENSUS2010POP
372813,CENSUS2010POP
42883,CENSUS2010POP
122109,CENSUS2010POP
62259,CENSUS2010POP
99710,CENSUS2010POP
2230722,CENSUS2010POP
159429,CENSUS2010POP
468730,CENSUS2010POP
311687,CENSUS2010POP
111944,CENSUS2010POP
219607,CENSUS2010POP
154727,CENSUS2010POP
32749,CENSUS2010POP
18343,CENSUS2010POP
35251,CENSUS2010POP
98990,CENSUS2010POP
1493350,CENSUS2010POP
77547,CENSUS2010POP
51125,CENSUS2010POP
101564,CENSUS2010POP
182493,CENSUS2010POP
65707,CENSUS2010POP
63216,CENSUS2010POP
93772,CENSUS2010POP
949113,CENSUS2010POP
42155,CENSUS2010POP
25348,CENSUS2010POP
9535483,CENSUS2010POP
151131,CENSUS2010POP
37198,CENSUS2010POP
11155,CENSUS2010POP
26948,CENSUS2010POP
27281,CENSUS2010POP
17797,CENSUS2010POP
47759,CENSUS2010POP
21282,CENSUS2010POP
35190,CENSUS2010POP
107431,CENSUS2010POP
238318,CENSUS2010POP
90912,CENSUS2010POP
178011,CENSUS2010POP
83029,CENSUS2010POP
9980,CENSUS2010POP
66469,CENSUS2010POP
23719,CENSUS2010POP
154358,CENSUS2010POP
63505,CENSUS2010POP
27444,CENSUS2010POP
14793,CENSUS2010POP
10587,CENSUS2010POP
98078,CENSUS2010POP
58098,CENSUS2010POP
103505,CENSUS2010POP
319431,CENSUS2010POP
23547,CENSUS2010POP
33920,CENSUS2010POP
162878,CENSUS2010POP
41240,CENSUS2010POP
58505,CENSUS2010POP
267587,CENSUS2010POP
56552,CENSUS2010POP
350670,CENSUS2010POP
60619,CENSUS2010POP
206086,CENSUS2010POP
12197,CENSUS2010POP
8861,CENSUS2010POP
59916,CENSUS2010POP
21362,CENSUS2010POP
488406,CENSUS2010POP
54691,CENSUS2010POP
114678,CENSUS2010POP
59036,CENSUS2010POP
106740,CENSUS2010POP
24669,CENSUS2010POP
46952,CENSUS2010POP
5810,CENSUS2010POP
159437,CENSUS2010POP
40271,CENSUS2010POP
168878,CENSUS2010POP
10153,CENSUS2010POP
57866,CENSUS2010POP
59495,CENSUS2010POP
78265,CENSUS2010POP
44996,CENSUS2010POP
33922,CENSUS2010POP
20764,CENSUS2010POP
24505,CENSUS2010POP
919628,CENSUS2010POP
15579,CENSUS2010POP
27798,CENSUS2010POP
88247,CENSUS2010POP
95840,CENSUS2010POP
202667,CENSUS2010POP
22099,CENSUS2010POP
177772,CENSUS2010POP
133801,CENSUS2010POP
13144,CENSUS2010POP
40661,CENSUS2010POP
52217,CENSUS2010POP
13453,CENSUS2010POP
39464,CENSUS2010POP
168148,CENSUS2010POP
20510,CENSUS2010POP
141752,CENSUS2010POP
46639,CENSUS2010POP
134168,CENSUS2010POP
93643,CENSUS2010POP
138428,CENSUS2010POP
67810,CENSUS2010POP
63431,CENSUS2010POP
36157,CENSUS2010POP
60585,CENSUS2010POP
47401,CENSUS2010POP
73673,CENSUS2010POP
13981,CENSUS2010POP
33090,CENSUS2010POP
4407,CENSUS2010POP
201292,CENSUS2010POP
45422,CENSUS2010POP
900993,CENSUS2010POP
20972,CENSUS2010POP
13228,CENSUS2010POP
51079,CENSUS2010POP
122623,CENSUS2010POP
69340,CENSUS2010POP
81234,CENSUS2010POP
38406,CENSUS2010POP
17818,CENSUS2010POP
672591,CENSUS2010POP
2343,CENSUS2010POP
11066,CENSUS2010POP
6660,CENSUS2010POP
783,CENSUS2010POP
6429,CENSUS2010POP
3151,CENSUS2010POP
1968,CENSUS2010POP
81308,CENSUS2010POP
149778,CENSUS2010POP
3993,CENSUS2010POP
5289,CENSUS2010POP
2071,CENSUS2010POP
3536,CENSUS2010POP
2385,CENSUS2010POP
3550,CENSUS2010POP
3343,CENSUS2010POP
1680,CENSUS2010POP
66861,CENSUS2010POP
2394,CENSUS2010POP
2420,CENSUS2010POP
2477,CENSUS2010POP
2435,CENSUS2010POP
4139,CENSUS2010POP
1990,CENSUS2010POP
5395,CENSUS2010POP
2809,CENSUS2010POP
6360,CENSUS2010POP
8962,CENSUS2010POP
8424,CENSUS2010POP
27471,CENSUS2010POP
7673,CENSUS2010POP
3126,CENSUS2010POP
1846,CENSUS2010POP
7413,CENSUS2010POP
4357,CENSUS2010POP
11451,CENSUS2010POP
5457,CENSUS2010POP
2470,CENSUS2010POP
16321,CENSUS2010POP
13937,CENSUS2010POP
3829,CENSUS2010POP
1321,CENSUS2010POP
4153,CENSUS2010POP
727,CENSUS2010POP
24199,CENSUS2010POP
1975,CENSUS2010POP
21100,CENSUS2010POP
2246,CENSUS2010POP
8121,CENSUS2010POP
11119,CENSUS2010POP
61675,CENSUS2010POP
4207,CENSUS2010POP
22398,CENSUS2010POP
11536504,CENSUS2010POP
28550,CENSUS2010POP
106331,CENSUS2010POP
53139,CENSUS2010POP
101497,CENSUS2010POP
64757,CENSUS2010POP
45949,CENSUS2010POP
70400,CENSUS2010POP
44846,CENSUS2010POP
368130,CENSUS2010POP
28836,CENSUS2010POP
40097,CENSUS2010POP
138333,CENSUS2010POP
197363,CENSUS2010POP
42040,CENSUS2010POP
107841,CENSUS2010POP
36901,CENSUS2010POP
43784,CENSUS2010POP
1280122,CENSUS2010POP
52959,CENSUS2010POP
39037,CENSUS2010POP
174214,CENSUS2010POP
77079,CENSUS2010POP
146156,CENSUS2010POP
29030,CENSUS2010POP
1163414,CENSUS2010POP
42698,CENSUS2010POP
30934,CENSUS2010POP
93389,CENSUS2010POP
161573,CENSUS2010POP
40087,CENSUS2010POP
802374,CENSUS2010POP
74782,CENSUS2010POP
32058,CENSUS2010POP
15864,CENSUS2010POP
28215,CENSUS2010POP
43589,CENSUS2010POP
29380,CENSUS2010POP
42366,CENSUS2010POP
59626,CENSUS2010POP
33225,CENSUS2010POP
69709,CENSUS2010POP
60921,CENSUS2010POP
230041,CENSUS2010POP
62450,CENSUS2010POP
166492,CENSUS2010POP
45858,CENSUS2010POP
301356,CENSUS2010POP
441815,CENSUS2010POP
43435,CENSUS2010POP
238823,CENSUS2010POP
66501,CENSUS2010POP
172332,CENSUS2010POP
23770,CENSUS2010POP
40814,CENSUS2010POP
102506,CENSUS2010POP
14642,CENSUS2010POP
535153,CENSUS2010POP
15054,CENSUS2010POP
34827,CENSUS2010POP
86074,CENSUS2010POP
14645,CENSUS2010POP
41428,CENSUS2010POP
19614,CENSUS2010POP
36058,CENSUS2010POP
55698,CENSUS2010POP
28709,CENSUS2010POP
161419,CENSUS2010POP
42270,CENSUS2010POP
34499,CENSUS2010POP
124475,CENSUS2010POP
78064,CENSUS2010POP
60944,CENSUS2010POP
79499,CENSUS2010POP
56745,CENSUS2010POP
49423,CENSUS2010POP
375586,CENSUS2010POP
541781,CENSUS2010POP
210312,CENSUS2010POP
92582,CENSUS2010POP
52300,CENSUS2010POP
28744,CENSUS2010POP
13435,CENSUS2010POP
212693,CENSUS2010POP
61778,CENSUS2010POP
114520,CENSUS2010POP
37642,CENSUS2010POP
125488,CENSUS2010POP
22615,CENSUS2010POP
3751351,CENSUS2010POP
22683,CENSUS2010POP
5642,CENSUS2010POP
14182,CENSUS2010POP
5636,CENSUS2010POP
22119,CENSUS2010POP
11943,CENSUS2010POP
42416,CENSUS2010POP
29600,CENSUS2010POP
115541,CENSUS2010POP
47557,CENSUS2010POP
46987,CENSUS2010POP
15205,CENSUS2010POP
2475,CENSUS2010POP
255755,CENSUS2010POP
5925,CENSUS2010POP
124098,CENSUS2010POP
6193,CENSUS2010POP
15029,CENSUS2010POP
69967,CENSUS2010POP
27469,CENSUS2010POP
41487,CENSUS2010POP
4810,CENSUS2010POP
4151,CENSUS2010POP
60580,CENSUS2010POP
27576,CENSUS2010POP
52431,CENSUS2010POP
4527,CENSUS2010POP
6239,CENSUS2010POP
2922,CENSUS2010POP
3685,CENSUS2010POP
12769,CENSUS2010POP
14003,CENSUS2010POP
26446,CENSUS2010POP
6472,CENSUS2010POP
10957,CENSUS2010POP
46562,CENSUS2010POP
15034,CENSUS2010POP
9446,CENSUS2010POP
11154,CENSUS2010POP
50384,CENSUS2010POP
34273,CENSUS2010POP
41848,CENSUS2010POP
9423,CENSUS2010POP
34506,CENSUS2010POP
33151,CENSUS2010POP
20252,CENSUS2010POP
7527,CENSUS2010POP
15840,CENSUS2010POP
41259,CENSUS2010POP
13488,CENSUS2010POP
70990,CENSUS2010POP
11561,CENSUS2010POP
10536,CENSUS2010POP
12191,CENSUS2010POP
718633,CENSUS2010POP
40069,CENSUS2010POP
47472,CENSUS2010POP
31848,CENSUS2010POP
16577,CENSUS2010POP
77350,CENSUS2010POP
45837,CENSUS2010POP
37492,CENSUS2010POP
69442,CENSUS2010POP
11572,CENSUS2010POP
3647,CENSUS2010POP
86905,CENSUS2010POP
25482,CENSUS2010POP
42391,CENSUS2010POP
45048,CENSUS2010POP
20640,CENSUS2010POP
7992,CENSUS2010POP
603403,CENSUS2010POP
73085,CENSUS2010POP
50976,CENSUS2010POP
11629,CENSUS2010POP
8878,CENSUS2010POP
20081,CENSUS2010POP
3831074,CENSUS2010POP
16134,CENSUS2010POP
85579,CENSUS2010POP
375992,CENSUS2010POP
37039,CENSUS2010POP
49351,CENSUS2010POP
63043,CENSUS2010POP
20978,CENSUS2010POP
22364,CENSUS2010POP
157733,CENSUS2010POP
107667,CENSUS2010POP
1871,CENSUS2010POP
7445,CENSUS2010POP
7422,CENSUS2010POP
22346,CENSUS2010POP
203206,CENSUS2010POP
21720,CENSUS2010POP
82713,CENSUS2010POP
66380,CENSUS2010POP
7895,CENSUS2010POP
351715,CENSUS2010POP
46034,CENSUS2010POP
116672,CENSUS2010POP
31313,CENSUS2010POP
315335,CENSUS2010POP
11173,CENSUS2010POP
735334,CENSUS2010POP
75403,CENSUS2010POP
1765,CENSUS2010POP
25250,CENSUS2010POP
75889,CENSUS2010POP
25748,CENSUS2010POP
7008,CENSUS2010POP
25213,CENSUS2010POP
529710,CENSUS2010POP
1441,CENSUS2010POP
99193,CENSUS2010POP
12702379,CENSUS2010POP
101407,CENSUS2010POP
1223348,CENSUS2010POP
68941,CENSUS2010POP
170539,CENSUS2010POP
49762,CENSUS2010POP
411442,CENSUS2010POP
127089,CENSUS2010POP
62622,CENSUS2010POP
625249,CENSUS2010POP
183862,CENSUS2010POP
143679,CENSUS2010POP
5085,CENSUS2010POP
65249,CENSUS2010POP
153990,CENSUS2010POP
498886,CENSUS2010POP
39988,CENSUS2010POP
81642,CENSUS2010POP
39238,CENSUS2010POP
67295,CENSUS2010POP
88765,CENSUS2010POP
235406,CENSUS2010POP
268100,CENSUS2010POP
558979,CENSUS2010POP
31946,CENSUS2010POP
280566,CENSUS2010POP
136606,CENSUS2010POP
7716,CENSUS2010POP
149618,CENSUS2010POP
14845,CENSUS2010POP
38686,CENSUS2010POP
45913,CENSUS2010POP
88880,CENSUS2010POP
45200,CENSUS2010POP
24636,CENSUS2010POP
214437,CENSUS2010POP
519445,CENSUS2010POP
91108,CENSUS2010POP
133568,CENSUS2010POP
349497,CENSUS2010POP
320918,CENSUS2010POP
116111,CENSUS2010POP
43450,CENSUS2010POP
116638,CENSUS2010POP
46682,CENSUS2010POP
169842,CENSUS2010POP
799874,CENSUS2010POP
18267,CENSUS2010POP
297735,CENSUS2010POP
94528,CENSUS2010POP
45969,CENSUS2010POP
1526006,CENSUS2010POP
57369,CENSUS2010POP
17457,CENSUS2010POP
148289,CENSUS2010POP
39702,CENSUS2010POP
77742,CENSUS2010POP
6428,CENSUS2010POP
43356,CENSUS2010POP
41981,CENSUS2010POP
44947,CENSUS2010POP
54984,CENSUS2010POP
41815,CENSUS2010POP
207820,CENSUS2010POP
52822,CENSUS2010POP
365169,CENSUS2010POP
28276,CENSUS2010POP
434972,CENSUS2010POP
1052567,CENSUS2010POP
49875,CENSUS2010POP
166158,CENSUS2010POP
82888,CENSUS2010POP
626667,CENSUS2010POP
126979,CENSUS2010POP
4625364,CENSUS2010POP
25417,CENSUS2010POP
160099,CENSUS2010POP
10419,CENSUS2010POP
187126,CENSUS2010POP
15987,CENSUS2010POP
22621,CENSUS2010POP
162233,CENSUS2010POP
177843,CENSUS2010POP
15175,CENSUS2010POP
350209,CENSUS2010POP
55342,CENSUS2010POP
33140,CENSUS2010POP
46734,CENSUS2010POP
34971,CENSUS2010POP
38892,CENSUS2010POP
68681,CENSUS2010POP
32062,CENSUS2010POP
136555,CENSUS2010POP
26985,CENSUS2010POP
23956,CENSUS2010POP
136885,CENSUS2010POP
60158,CENSUS2010POP
451225,CENSUS2010POP
69661,CENSUS2010POP
21090,CENSUS2010POP
269291,CENSUS2010POP
24777,CENSUS2010POP
61697,CENSUS2010POP
76652,CENSUS2010POP
66537,CENSUS2010POP
19220,CENSUS2010POP
262391,CENSUS2010POP
10233,CENSUS2010POP
33062,CENSUS2010POP
28933,CENSUS2010POP
37508,CENSUS2010POP
74273,CENSUS2010POP
92501,CENSUS2010POP
119224,CENSUS2010POP
384504,CENSUS2010POP
19875,CENSUS2010POP
284307,CENSUS2010POP
107456,CENSUS2010POP
28961,CENSUS2010POP
34423,CENSUS2010POP
226073,CENSUS2010POP
814180,CENSUS2010POP
2710,CENSUS2010POP
17398,CENSUS2010POP
3431,CENSUS2010POP
7070,CENSUS2010POP
31965,CENSUS2010POP
36531,CENSUS2010POP
5255,CENSUS2010POP
1912,CENSUS2010POP
10110,CENSUS2010POP
1466,CENSUS2010POP
9129,CENSUS2010POP
3691,CENSUS2010POP
13864,CENSUS2010POP
27227,CENSUS2010POP
4050,CENSUS2010POP
8216,CENSUS2010POP
19504,CENSUS2010POP
5710,CENSUS2010POP
4364,CENSUS2010POP
5301,CENSUS2010POP
3002,CENSUS2010POP
4071,CENSUS2010POP
7094,CENSUS2010POP
2364,CENSUS2010POP
7356,CENSUS2010POP
4271,CENSUS2010POP
1937,CENSUS2010POP
5903,CENSUS2010POP
3431,CENSUS2010POP
3331,CENSUS2010POP
1255,CENSUS2010POP
17022,CENSUS2010POP
7343,CENSUS2010POP
1420,CENSUS2010POP
3031,CENSUS2010POP
2071,CENSUS2010POP
1006,CENSUS2010POP
5148,CENSUS2010POP
11200,CENSUS2010POP
24097,CENSUS2010POP
44828,CENSUS2010POP
3755,CENSUS2010POP
5618,CENSUS2010POP
2459,CENSUS2010POP
4656,CENSUS2010POP
25434,CENSUS2010POP
2048,CENSUS2010POP
2389,CENSUS2010POP
169468,CENSUS2010POP
6486,CENSUS2010POP
13586,CENSUS2010POP
100948,CENSUS2010POP
2982,CENSUS2010POP
2329,CENSUS2010POP
10149,CENSUS2010POP
2355,CENSUS2010POP
6415,CENSUS2010POP
2966,CENSUS2010POP
1373,CENSUS2010POP
9612,CENSUS2010POP
5644,CENSUS2010POP
8347,CENSUS2010POP
14399,CENSUS2010POP
5438,CENSUS2010POP
22438,CENSUS2010POP
2801,CENSUS2010POP
6346105,CENSUS2010POP
75129,CENSUS2010POP
45058,CENSUS2010POP
16489,CENSUS2010POP
12876,CENSUS2010POP
123010,CENSUS2010POP
98963,CENSUS2010POP
40716,CENSUS2010POP
13801,CENSUS2010POP
28522,CENSUS2010POP
57424,CENSUS2010POP
39105,CENSUS2010POP
17131,CENSUS2010POP
32213,CENSUS2010POP
7861,CENSUS2010POP
35662,CENSUS2010POP
52796,CENSUS2010POP
14586,CENSUS2010POP
56053,CENSUS2010POP
626681,CENSUS2010POP
11757,CENSUS2010POP
18723,CENSUS2010POP
49666,CENSUS2010POP
38335,CENSUS2010POP
38413,CENSUS2010POP
17959,CENSUS2010POP
41052,CENSUS2010POP
49683,CENSUS2010POP
29485,CENSUS2010POP
22657,CENSUS2010POP
68831,CENSUS2010POP
13703,CENSUS2010POP
62544,CENSUS2010POP
336463,CENSUS2010POP
6819,CENSUS2010POP
27253,CENSUS2010POP
26026,CENSUS2010POP
56833,CENSUS2010POP
18787,CENSUS2010POP
27769,CENSUS2010POP
32330,CENSUS2010POP
24690,CENSUS2010POP
8426,CENSUS2010POP
18538,CENSUS2010POP
11638,CENSUS2010POP
51407,CENSUS2010POP
18244,CENSUS2010POP
432226,CENSUS2010POP
7832,CENSUS2010POP
27815,CENSUS2010POP
41869,CENSUS2010POP
12161,CENSUS2010POP
33361,CENSUS2010POP
48556,CENSUS2010POP
52266,CENSUS2010POP
26075,CENSUS2010POP
22248,CENSUS2010POP
98294,CENSUS2010POP
28237,CENSUS2010POP
30617,CENSUS2010POP
80956,CENSUS2010POP
11753,CENSUS2010POP
44519,CENSUS2010POP
172331,CENSUS2010POP
6362,CENSUS2010POP
21987,CENSUS2010POP
31807,CENSUS2010POP
22083,CENSUS2010POP
7915,CENSUS2010POP
5077,CENSUS2010POP
16825,CENSUS2010POP
72321,CENSUS2010POP
31809,CENSUS2010POP
54181,CENSUS2010POP
66283,CENSUS2010POP
262604,CENSUS2010POP
22228,CENSUS2010POP
14112,CENSUS2010POP
89889,CENSUS2010POP
927644,CENSUS2010POP
19166,CENSUS2010POP
13324,CENSUS2010POP
156823,CENSUS2010POP
160645,CENSUS2010POP
61081,CENSUS2010POP
7870,CENSUS2010POP
18313,CENSUS2010POP
19109,CENSUS2010POP
5548,CENSUS2010POP
39839,CENSUS2010POP
122979,CENSUS2010POP
17021,CENSUS2010POP
35021,CENSUS2010POP
25841,CENSUS2010POP
183182,CENSUS2010POP
113993,CENSUS2010POP
25145561,CENSUS2010POP
58458,CENSUS2010POP
14786,CENSUS2010POP
86771,CENSUS2010POP
23158,CENSUS2010POP
9054,CENSUS2010POP
1901,CENSUS2010POP
44911,CENSUS2010POP
28417,CENSUS2010POP
7165,CENSUS2010POP
20485,CENSUS2010POP
74171,CENSUS2010POP
3726,CENSUS2010POP
31861,CENSUS2010POP
310235,CENSUS2010POP
1714773,CENSUS2010POP
10497,CENSUS2010POP
641,CENSUS2010POP
18212,CENSUS2010POP
92565,CENSUS2010POP
313166,CENSUS2010POP
194851,CENSUS2010POP
9232,CENSUS2010POP
1637,CENSUS2010POP
7223,CENSUS2010POP
38106,CENSUS2010POP
17187,CENSUS2010POP
42750,CENSUS2010POP
38066,CENSUS2010POP
21381,CENSUS2010POP
13544,CENSUS2010POP
406220,CENSUS2010POP
12401,CENSUS2010POP
6182,CENSUS2010POP
30464,CENSUS2010POP
8062,CENSUS2010POP
35096,CENSUS2010POP
50845,CENSUS2010POP
7041,CENSUS2010POP
10752,CENSUS2010POP
3127,CENSUS2010POP
3320,CENSUS2010POP
8895,CENSUS2010POP
782341,CENSUS2010POP
3057,CENSUS2010POP
20874,CENSUS2010POP
108472,CENSUS2010POP
13974,CENSUS2010POP
4087,CENSUS2010POP
38437,CENSUS2010POP
75388,CENSUS2010POP
1505,CENSUS2010POP
4375,CENSUS2010POP
3719,CENSUS2010POP
6059,CENSUS2010POP
2398,CENSUS2010POP
6703,CENSUS2010POP
2368139,CENSUS2010POP
13833,CENSUS2010POP
19372,CENSUS2010POP
5231,CENSUS2010POP
662614,CENSUS2010POP
20097,CENSUS2010POP
2444,CENSUS2010POP
9996,CENSUS2010POP
3677,CENSUS2010POP
11782,CENSUS2010POP
18583,CENSUS2010POP
137130,CENSUS2010POP
2002,CENSUS2010POP
149610,CENSUS2010POP
800647,CENSUS2010POP
37890,CENSUS2010POP
17866,CENSUS2010POP
33915,CENSUS2010POP
24554,CENSUS2010POP
3974,CENSUS2010POP
6446,CENSUS2010POP
1336,CENSUS2010POP
585375,CENSUS2010POP
10605,CENSUS2010POP
19816,CENSUS2010POP
17217,CENSUS2010POP
17526,CENSUS2010POP
291309,CENSUS2010POP
6461,CENSUS2010POP
24837,CENSUS2010POP
1226,CENSUS2010POP
7210,CENSUS2010POP
19807,CENSUS2010POP
22535,CENSUS2010POP
120877,CENSUS2010POP
121730,CENSUS2010POP
26604,CENSUS2010POP
131533,CENSUS2010POP
36273,CENSUS2010POP
3353,CENSUS2010POP
8517,CENSUS2010POP
5613,CENSUS2010POP
4139,CENSUS2010POP
54635,CENSUS2010POP
4092459,CENSUS2010POP
65631,CENSUS2010POP
6062,CENSUS2010POP
5899,CENSUS2010POP
157107,CENSUS2010POP
3807,CENSUS2010POP
78532,CENSUS2010POP
774769,CENSUS2010POP
35089,CENSUS2010POP
22935,CENSUS2010POP
51182,CENSUS2010POP
35161,CENSUS2010POP
23732,CENSUS2010POP
35012,CENSUS2010POP
3476,CENSUS2010POP
86129,CENSUS2010POP
22150,CENSUS2010POP
1599,CENSUS2010POP
9044,CENSUS2010POP
14075,CENSUS2010POP
35710,CENSUS2010POP
2342,CENSUS2010POP
252273,CENSUS2010POP
5300,CENSUS2010POP
40838,CENSUS2010POP
150934,CENSUS2010POP
20202,CENSUS2010POP
14824,CENSUS2010POP
103350,CENSUS2010POP
33410,CENSUS2010POP
416,CENSUS2010POP
808,CENSUS2010POP
49625,CENSUS2010POP
4607,CENSUS2010POP
286,CENSUS2010POP
3598,CENSUS2010POP
32061,CENSUS2010POP
3719,CENSUS2010POP
49793,CENSUS2010POP
13977,CENSUS2010POP
19677,CENSUS2010POP
6886,CENSUS2010POP
19263,CENSUS2010POP
16612,CENSUS2010POP
16801,CENSUS2010POP
75643,CENSUS2010POP
23384,CENSUS2010POP
3302,CENSUS2010POP
11531,CENSUS2010POP
19301,CENSUS2010POP
82,CENSUS2010POP
278831,CENSUS2010POP
5915,CENSUS2010POP
8283,CENSUS2010POP
234906,CENSUS2010POP
707,CENSUS2010POP
13664,CENSUS2010POP
10546,CENSUS2010POP
4799,CENSUS2010POP
4012,CENSUS2010POP
36702,CENSUS2010POP
54258,CENSUS2010POP
46006,CENSUS2010POP
2242,CENSUS2010POP
136872,CENSUS2010POP
24757,CENSUS2010POP
4936,CENSUS2010POP
9403,CENSUS2010POP
19719,CENSUS2010POP
455746,CENSUS2010POP
21904,CENSUS2010POP
12934,CENSUS2010POP
1210,CENSUS2010POP
64524,CENSUS2010POP
47735,CENSUS2010POP
14445,CENSUS2010POP
15216,CENSUS2010POP
340223,CENSUS2010POP
10223,CENSUS2010POP
2052,CENSUS2010POP
81837,CENSUS2010POP
28111,CENSUS2010POP
23796,CENSUS2010POP
116927,CENSUS2010POP
10269,CENSUS2010POP
15507,CENSUS2010POP
45413,CENSUS2010POP
121073,CENSUS2010POP
7818,CENSUS2010POP
10914,CENSUS2010POP
120725,CENSUS2010POP
3367,CENSUS2010POP
3309,CENSUS2010POP
12860,CENSUS2010POP
13783,CENSUS2010POP
7383,CENSUS2010POP
929,CENSUS2010POP
16622,CENSUS2010POP
78337,CENSUS2010POP
10501,CENSUS2010POP
53330,CENSUS2010POP
10834,CENSUS2010POP
8865,CENSUS2010POP
26384,CENSUS2010POP
64804,CENSUS2010POP
6131,CENSUS2010POP
3461,CENSUS2010POP
16921,CENSUS2010POP
3378,CENSUS2010POP
25448,CENSUS2010POP
3034,CENSUS2010POP
209714,CENSUS2010POP
8490,CENSUS2010POP
60968,CENSUS2010POP
9630,CENSUS2010POP
1143,CENSUS2010POP
1490,CENSUS2010POP
4128,CENSUS2010POP
7854,CENSUS2010POP
1809034,CENSUS2010POP
131506,CENSUS2010POP
984,CENSUS2010POP
12651,CENSUS2010POP
1641,CENSUS2010POP
32334,CENSUS2010POP
110224,CENSUS2010POP
1024266,CENSUS2010POP
14585,CENSUS2010POP
21766,CENSUS2010POP
39309,CENSUS2010POP
3355,CENSUS2010POP
26405,CENSUS2010POP
48879,CENSUS2010POP
52579,CENSUS2010POP
86793,CENSUS2010POP
67861,CENSUS2010POP
43205,CENSUS2010POP
10658,CENSUS2010POP
33718,CENSUS2010POP
250304,CENSUS2010POP
41280,CENSUS2010POP
5410,CENSUS2010POP
131500,CENSUS2010POP
13535,CENSUS2010POP
22134,CENSUS2010POP
422679,CENSUS2010POP
42918,CENSUS2010POP
7110,CENSUS2010POP
59127,CENSUS2010POP
41964,CENSUS2010POP
7879,CENSUS2010POP
18550,CENSUS2010POP
14018,CENSUS2010POP
11677,CENSUS2010POP
2763885,CENSUS2010POP
6629,CENSUS2010POP
49975,CENSUS2010POP
112656,CENSUS2010POP
21403,CENSUS2010POP
1059,CENSUS2010POP
306479,CENSUS2010POP
18607,CENSUS2010POP
10976,CENSUS2010POP
5172,CENSUS2010POP
9225,CENSUS2010POP
46163,CENSUS2010POP
10246,CENSUS2010POP
7125,CENSUS2010POP
12503,CENSUS2010POP
9469,CENSUS2010POP
1556,CENSUS2010POP
2264,CENSUS2010POP
1029655,CENSUS2010POP
14746,CENSUS2010POP
27822,CENSUS2010POP
20802,CENSUS2010POP
36324,CENSUS2010POP
58218,CENSUS2010POP
32588,CENSUS2010POP
516564,CENSUS2010POP
23530,CENSUS2010POP
138115,CENSUS2010POP
2778,CENSUS2010POP
231236,CENSUS2010POP
625741,CENSUS2010POP
36821,CENSUS2010POP
37125,CENSUS2010POP
31227,CENSUS2010POP
156545,CENSUS2010POP
6306,CENSUS2010POP
47746,CENSUS2010POP
6970,CENSUS2010POP
24475,CENSUS2010POP
28936,CENSUS2010POP
27231,CENSUS2010POP
61642,CENSUS2010POP
59534,CENSUS2010POP
44513,CENSUS2010POP
56670,CENSUS2010POP
8001024,CENSUS2010POP
33164,CENSUS2010POP
98970,CENSUS2010POP
16250,CENSUS2010POP
12690,CENSUS2010POP
32353,CENSUS2010POP
14973,CENSUS2010POP
207627,CENSUS2010POP
73750,CENSUS2010POP
4731,CENSUS2010POP
68676,CENSUS2010POP
6824,CENSUS2010POP
33148,CENSUS2010POP
17434,CENSUS2010POP
24098,CENSUS2010POP
17146,CENSUS2010POP
54842,CENSUS2010POP
28545,CENSUS2010POP
30042,CENSUS2010POP
7256,CENSUS2010POP
12586,CENSUS2010POP
316236,CENSUS2010POP
14034,CENSUS2010POP
5190,CENSUS2010POP
46689,CENSUS2010POP
10052,CENSUS2010POP
15903,CENSUS2010POP
28001,CENSUS2010POP
11151,CENSUS2010POP
1081726,CENSUS2010POP
65203,CENSUS2010POP
15279,CENSUS2010POP
25691,CENSUS2010POP
56159,CENSUS2010POP
78305,CENSUS2010POP
17286,CENSUS2010POP
36858,CENSUS2010POP
21717,CENSUS2010POP
15533,CENSUS2010POP
18403,CENSUS2010POP
12243,CENSUS2010POP
36241,CENSUS2010POP
99863,CENSUS2010POP
306935,CENSUS2010POP
54151,CENSUS2010POP
2321,CENSUS2010POP
35270,CENSUS2010POP
67009,CENSUS2010POP
6945,CENSUS2010POP
23584,CENSUS2010POP
15935,CENSUS2010POP
11391,CENSUS2010POP
25587,CENSUS2010POP
312311,CENSUS2010POP
33153,CENSUS2010POP
12914,CENSUS2010POP
13308,CENSUS2010POP
8978,CENSUS2010POP
32727,CENSUS2010POP
10959,CENSUS2010POP
94392,CENSUS2010POP
15020,CENSUS2010POP
18429,CENSUS2010POP
12389,CENSUS2010POP
12330,CENSUS2010POP
15853,CENSUS2010POP
33481,CENSUS2010POP
24042,CENSUS2010POP
18490,CENSUS2010POP
63506,CENSUS2010POP
28046,CENSUS2010POP
23368,CENSUS2010POP
35725,CENSUS2010POP
402002,CENSUS2010POP
34872,CENSUS2010POP
7373,CENSUS2010POP
9254,CENSUS2010POP
92376,CENSUS2010POP
22307,CENSUS2010POP
76314,CENSUS2010POP
28897,CENSUS2010POP
23177,CENSUS2010POP
41993,CENSUS2010POP
32208,CENSUS2010POP
18570,CENSUS2010POP
122397,CENSUS2010POP
128961,CENSUS2010POP
7058,CENSUS2010POP
12087,CENSUS2010POP
45078,CENSUS2010POP
37575,CENSUS2010POP
54876,CENSUS2010POP
17454,CENSUS2010POP
41452,CENSUS2010POP
29235,CENSUS2010POP
65464,CENSUS2010POP
139966,CENSUS2010POP
17835,CENSUS2010POP
6650,CENSUS2010POP
43475,CENSUS2010POP
222209,CENSUS2010POP
17411,CENSUS2010POP
5961,CENSUS2010POP
43055,CENSUS2010POP
5927,CENSUS2010POP
22565,CENSUS2010POP
12332,CENSUS2010POP
8582,CENSUS2010POP
24286,CENSUS2010POP
7042,CENSUS2010POP
137436,CENSUS2010POP
48914,CENSUS2010POP
22591,CENSUS2010POP
7042,CENSUS2010POP
75568,CENSUS2010POP
37821,CENSUS2010POP
14273,CENSUS2010POP
13821,CENSUS2010POP
180719,CENSUS2010POP
242803,CENSUS2010POP
3958,CENSUS2010POP
32420,CENSUS2010POP
12150,CENSUS2010POP
95535,CENSUS2010POP
16408,CENSUS2010POP
204214,CENSUS2010POP
97032,CENSUS2010POP
24802,CENSUS2010POP
23746,CENSUS2010POP
84585,CENSUS2010POP
437994,CENSUS2010POP
21006,CENSUS2010POP
14068,CENSUS2010POP
26203,CENSUS2010POP
6724540,CENSUS2010POP
18728,CENSUS2010POP
21623,CENSUS2010POP
175177,CENSUS2010POP
72453,CENSUS2010POP
71404,CENSUS2010POP
425363,CENSUS2010POP
4078,CENSUS2010POP
102410,CENSUS2010POP
38431,CENSUS2010POP
7551,CENSUS2010POP
78163,CENSUS2010POP
2266,CENSUS2010POP
89120,CENSUS2010POP
72797,CENSUS2010POP
78506,CENSUS2010POP
29872,CENSUS2010POP
1931249,CENSUS2010POP
251133,CENSUS2010POP
40915,CENSUS2010POP
20318,CENSUS2010POP
75455,CENSUS2010POP
10570,CENSUS2010POP
60699,CENSUS2010POP
41120,CENSUS2010POP
20920,CENSUS2010POP
13001,CENSUS2010POP
795225,CENSUS2010POP
15769,CENSUS2010POP
116901,CENSUS2010POP
11066,CENSUS2010POP
713335,CENSUS2010POP
471221,CENSUS2010POP
43531,CENSUS2010POP
252264,CENSUS2010POP
3978,CENSUS2010POP
58781,CENSUS2010POP
201140,CENSUS2010POP
44776,CENSUS2010POP
243231,CENSUS2010POP
1852994,CENSUS2010POP
16589,CENSUS2010POP
104169,CENSUS2010POP
24629,CENSUS2010POP
14523,CENSUS2010POP
24069,CENSUS2010POP
96319,CENSUS2010POP
7627,CENSUS2010POP
9386,CENSUS2010POP
8202,CENSUS2010POP
46039,CENSUS2010POP
8693,CENSUS2010POP
11937,CENSUS2010POP
35480,CENSUS2010POP
23964,CENSUS2010POP
30676,CENSUS2010POP
14025,CENSUS2010POP
69099,CENSUS2010POP
29211,CENSUS2010POP
53498,CENSUS2010POP
193063,CENSUS2010POP
16372,CENSUS2010POP
21720,CENSUS2010POP
36743,CENSUS2010POP
22113,CENSUS2010POP
56418,CENSUS2010POP
33107,CENSUS2010POP
27324,CENSUS2010POP
62264,CENSUS2010POP
28212,CENSUS2010POP
26839,CENSUS2010POP
96189,CENSUS2010POP
13502,CENSUS2010POP
17541,CENSUS2010POP
26233,CENSUS2010POP
44443,CENSUS2010POP
7695,CENSUS2010POP
7605,CENSUS2010POP
8719,CENSUS2010POP
33520,CENSUS2010POP
55486,CENSUS2010POP
78859,CENSUS2010POP
29405,CENSUS2010POP
10449,CENSUS2010POP
14926,CENSUS2010POP
13927,CENSUS2010POP
16895,CENSUS2010POP
7141,CENSUS2010POP
9208,CENSUS2010POP
24254,CENSUS2010POP
42481,CENSUS2010POP
9154,CENSUS2010POP
16583,CENSUS2010POP
5717,CENSUS2010POP
86956,CENSUS2010POP
23796,CENSUS2010POP
5686986,CENSUS2010POP
20875,CENSUS2010POP
16157,CENSUS2010POP
45870,CENSUS2010POP
15014,CENSUS2010POP
248007,CENSUS2010POP
13587,CENSUS2010POP
15457,CENSUS2010POP
48971,CENSUS2010POP
62415,CENSUS2010POP
34690,CENSUS2010POP
56833,CENSUS2010POP
16644,CENSUS2010POP
488073,CENSUS2010POP
88759,CENSUS2010POP
27785,CENSUS2010POP
44159,CENSUS2010POP
43857,CENSUS2010POP
98736,CENSUS2010POP
4423,CENSUS2010POP
101633,CENSUS2010POP
9304,CENSUS2010POP
51208,CENSUS2010POP
36842,CENSUS2010POP
19051,CENSUS2010POP
23687,CENSUS2010POP
5916,CENSUS2010POP
20449,CENSUS2010POP
83686,CENSUS2010POP
26664,CENSUS2010POP
166426,CENSUS2010POP
20574,CENSUS2010POP
114638,CENSUS2010POP
16836,CENSUS2010POP
19977,CENSUS2010POP
28743,CENSUS2010POP
81442,CENSUS2010POP
134063,CENSUS2010POP
41749,CENSUS2010POP
15404,CENSUS2010POP
4232,CENSUS2010POP
947735,CENSUS2010POP
44673,CENSUS2010POP
37660,CENSUS2010POP
35998,CENSUS2010POP
176695,CENSUS2010POP
86395,CENSUS2010POP
7469,CENSUS2010POP
41019,CENSUS2010POP
44205,CENSUS2010POP
70019,CENSUS2010POP
14159,CENSUS2010POP
195408,CENSUS2010POP
18021,CENSUS2010POP
160331,CENSUS2010POP
14755,CENSUS2010POP
84345,CENSUS2010POP
61976,CENSUS2010POP
16557,CENSUS2010POP
41949,CENSUS2010POP
115507,CENSUS2010POP
20689,CENSUS2010POP
28816,CENSUS2010POP
29773,CENSUS2010POP
21430,CENSUS2010POP
102228,CENSUS2010POP
15911,CENSUS2010POP
131887,CENSUS2010POP
389891,CENSUS2010POP
52410,CENSUS2010POP
24496,CENSUS2010POP
166994,CENSUS2010POP
74749,CENSUS2010POP
563626,CENSUS2010POP
36299,CENSUS2010POP
11668,CENSUS2010POP
46133,CENSUS2010POP
15885,CENSUS2010POP
13833,CENSUS2010POP
7083,CENSUS2010POP
40123,CENSUS2010POP
13249,CENSUS2010POP
4812,CENSUS2010POP
8569,CENSUS2010POP
91738,CENSUS2010POP
18106,CENSUS2010POP
75450,CENSUS2010POP
2484,CENSUS2010POP
28205,CENSUS2010POP
8667,CENSUS2010POP
29116,CENSUS2010POP
10247,CENSUS2010POP
43806,CENSUS2010POP
21294,CENSUS2010POP
21118,CENSUS2010POP
8533,CENSUS2010POP
7208,CENSUS2010POP
